{"LR": 0.0007799397234711784, "NUM_ENVS": 147456, "NUM_STEPS": 10, "UPDATE_EPOCHS": 9, "NUM_MINIBATCHES": 256, "GAMMA": 0.9589489939332212, "GAE_LAMBDA": 0.9485218387994861, "CLIP_EPS": 0.25908064440091577, "ENT_COEF": 0.0009528771955148983, "VF_COEF": 0.5839598533072128, "MAX_GRAD_NORM": 0.42671106744234333, "ACTIVATION": "tanh", "TOTAL_TIMESTEPS": 5000, "ENV_NAME": "TwoStageOTA-custom", "ANNEAL_LR": true, "NORMALIZE_ENV": true, "DEBUG": true}